{"cameraMode":{"drawMode":0,"name":"Shaded","section":"Shading Mode"},"sceneLighting":true,"audioPlay":false,"sceneViewState":{"m_AlwaysRefresh":false,"showFog":true,"showSkybox":true,"showFlares":true,"showImageEffects":true,"showParticleSystems":true,"showVisualEffectGraphs":true,"m_FxEnabled":true},"in2DMode":false,"pivot":{"x":3.3877339363098146,"y":-37.32061004638672,"z":-39.617218017578128},"rotation":{"x":-0.0011410629376769066,"y":0.9282037615776062,"z":-0.372145414352417,"w":-0.0027878014370799066},"size":36.92992401123047,"orthographic":false}